text,label
A little nervous about the quiz,4
All my efforts are worth it,1
Understood the lecture concepts clearly,2
Received glowing evaluations,1
Really happy with my work,1
Understanding why I am struggling is unclear,5
Organizing files for my courses,3
Feeling pretty prepared,2
Achieved competitive ranking,1
My questions in class get dismissed,5
Got amazing results,1
Normal semester pace,3
Feeling positive vibes,2
The expectations shift without notice,5
My ability to continue is critically compromised,5
Processing theoretical frameworks is complex,4
Processing methodological critiques is difficult,4
My study methods are working perfectly,1
Too overwhelmed to even start,5
Course requirements conflict impossibly,5
I failed my midterm and don't know how to recover,5
Connected theory to practice,2
Organizing my source materials,3
Earned departmental award,1
Not totally prepared for everything,4
Slightly stressed about exams,4
Achieved milestone ahead of schedule,1
Earned editorial board position,1
Made notable achievements,2
A little worried about school,4
The professor refuses to answer clarifying questions,5
Gained theoretical knowledge,2
Regular study session planned,3
Professor said I'm doing excellent work,1
Can't deal with this anymore,5
My assignment went well,2
Looking over the lecture slides,3
The course pushes my current capabilities,4
Achieved partnership excellence,1
Made connections between course topics,2
Gained methodological understanding,2
Running out of time on this project,4
My ability to persevere is finished,5
Can't focus on studying with everything piling up,5
Checking the learning outcomes,3
My comprehension depth is inconsistent,4
Feeling proud of my work,1
Synthesizing multiple sources proves demanding,4
Cannot always participate fully in discussions,4
I love how bad things get,4
So stressed I can't eat,5
Received faculty recommendation,1
Not totally confident in my prep,4
I fucking hate this place,5
Having a pleasant day,2
I don't know,3
My retention of lecture content varies,4
The concepts need more work to master,4
Everything is crashing down on me,5
The metacognitive demands are high,4
Way too stressed to think straight,5
Slightly anxious about the workload,4
Reviewing the course expectations,3
Have work scheduled,3
Organizing materials for tomorrow's class,3
Really enjoying academic life,1
Somewhat nervous about everything,4
Demonstrated permanent advancement,1
The technology requirements exceed my access,5
Not totally prepared for class,4
Found the delivery engaging,2
Developed critical thinking skills,2
Standard school week,3
Cannot recover from my midterm performance,5
Slightly nervous about the semester,4
Reviewing the curriculum,3
Having the best semester,1
Made important connections,2
Demonstrated digital pedagogy innovation,1
Demonstrated teaching scholarship,1
My wellbeing has become critically compromised,5
My ability to meet standards varies,4
Feeling decent about my grades,2
This assignment is taking longer than planned,4
Checking my course load,3
Achieved co-creation excellence,1
Going to do homework,3
This is too much I can't do this,5
Preparing for the clinic,3
Have a few assignments,3
Really proud of my work,1
Really happy and accomplished,1
Regular class day ahead,3
Feeling good about my future,1
Slightly nervous about exams,4
Feeling prepared and confident,1
Have readings to complete,3
Feeling a little overwhelmed with this week's workload,4
Professor expects way too much from us,5
"Tough, but I love it",2
Organizing my weekly priorities,3
I'm at rock bottom academically,5
Looking through class announcements,3
I'm so done with this semester,5
My health issues are affecting academics,5
The workload feels heavier than usual,4
My time management needs work,4
Reviewing the participation requirements,3
Got ahead a bit,2
Progressed well on my essay today,2
Developed research skills,2
Feeling accomplished and stress-free,1
A bit anxious about the project,4
Received grant funding,1
Feeling good about today,2
Going to study tonight,3
My capacity to endure is depleted,5
Feeling accomplished today,1
Checking the required readings,3
Everything is going great,1
Earned teaching assistantship,1
Understanding abstract concepts takes time,4
Feeling moderately anxious,4
Developed higher-order thinking,2
Understanding how to succeed eludes me,5
Made progress overall,2
The stress has become all-consuming,5
My grades could be better this semester,4
Understanding expectations feels impossible,5
Reading through the syllabus requirements,3
All my work is paying off,1
Found the framework applicable,2
My stress levels are through the roof,5
Doing schoolwork,3
My capacity for sustained focus varies,4
Slightly worried about falling behind,4
I'm completely overwhelmed by school,5
The homework takes longer than anticipated,4
My capacity to function is gone,5
Received validation for scholarly contributions,1
Got things progressing,2
Planning my thesis approach,3
Cannot predict what will appear on exams,5
Gained foundational knowledge,2
Got my work under control,2
Appreciated the academic rigor,2
The burden has exceeded all limits,5
Made progress this week,2
Running low on time for this project,4
This pressure is crushing me,5
Earned the highest marks available,1
Have a few things to complete,3
"I don't know if I can do this, there is too much to do",5
Somewhat nervous about finals,4
Gained sophisticated understanding,2
Regular academic week,3
Demonstrated sustainability impact,1
Feeling motivated this week,2
Made good headway today,2
A little worried about the week ahead,4
Appreciated the instructor support,2
Working on problem sets,3
Normal semester activities,3
Achieved perfect assessment score,1
All my efforts are rewarded,1
Developed metacognitive skills,2
Made conceptual breakthroughs,2
Things are going pretty well,2
Reviewing the formatting guidelines,3
Looking at the reading list,3
Somewhat worried about the project,4
Demonstrated expertise development,1
Everything turned out great,1
The critical thinking required is substantial,4
Developed intellectual maturity,2
This workload is inhumane,5
Reviewing assignment parameters,3
My understanding needs reinforcement,4
Can't take this pressure anymore,5
My grades reflect poorly on my effort,5
Received implementation science recognition,1
Planning my independent study,3
Regular class week ahead,3
My grades reflect my effort,1
Demonstrated scholarly maturity,1
This stress is affecting everything,5
Cannot always see applications clearly,4
Got outstanding results,1
I'm failing and stressed beyond belief,5
The workload this week exceeds human capability,5
Got stellar grades,1
Got top-tier results,1
A bit concerned about my workload,4
Preparing for the final defense,3
Made meaningful contributions,2
Preparing for the upcoming lab session,3
A bit concerned about grades,4
The academic stress is overwhelming everything,5
I'm completely falling apart,5
Reading the next chapter as assigned,3
Working through problem sets,3
Feeling pretty content,2
Not totally caught up,4
The workload intensity is destroying wellbeing,5
I'm going to fail out I know it,5
Preparing for the prospectus,3
A little worried about the test,4
This is way beyond my capacity,5
Received enduring contribution recognition,1
Not feeling great about this exam,4
Looking over the textbook chapters,3
Looking over the guidelines,3
Have readings assigned,3
Finals are next week and I feel completely unprepared,5
Have work to do,3
Feeling accomplished with school,1
Doing my readings,3
"This is too much, how do they expect me to get this all done?",4
Too much stress not enough support,5
Having a nice flow,2
Preparing for the oral exam,3
Demonstrated pedagogical innovation,1
My mastery of basics needs strengthening,4
I am really worried about my grades,4
Not super organized right now,4
Regular class activities ahead,3
Exam logistics changed without adequate notice,5
Feeling alright today,2
Can't manage this stress level,5
Understanding success criteria remains elusive,5
Have homework to do,3
This workload is impossible to manage,5
The group dynamics are not ideal,4
Course timing creates insurmountable conflicts,5
Demonstrated civic engagement,1
Normal academic workload,3
Too stressed to even cry anymore,5
Made good progress lately,2
Feeling moderately anxious about grades,4
Feeling relaxed about school,1
Achieved student success outcomes,1
The exam format is unfamiliar to me,4
Got through my to-do list,2
Achieved longevity excellence,1
All my assignments went well,1
Checking the submission deadlines,3
Reviewing the appendix requirements,3
Earned legacy award,1
Regular semester schedule,3
Doing well in my classes,2
My ability to integrate knowledge varies,4
I have three exams next week and I haven't started studying,5
Developed communication skills,2
Found the lectures informative,2
A bit concerned about my time management,4
Earned prestigious academic honors,1
Feeling decent about it,2
Organizing my portfolio,3
Had a good class discussion,2
Feeling moderately stressed lately,4
Appreciated the learning community,2
The course philosophy differs from previous,4
Have work tonight,3
Another day another lecture,3
Doing my reading,3
The workload has become completely unmanageable,5
Looking at supplementary materials,3
Earned educational technology award,1
Not feeling very confident,4
Really enjoying this course material,1
Received scholarship based on merit,1
Made some good strides,2
Feeling good about school,1
Really satisfied with everything,1
Checking the academic catalog,3
Working through material,3
Deadline in 6 hours haven't started,5
Got amazing feedback,1
My study methods produce no improvement,5
Built rapport with classmates,2
Everything is spiraling out of control,5
I'm falling behind and panicking,5
Slightly stressed about everything,4
My note-taking system needs improvement,4
Feeling somewhat anxious about exams,4
Found the structure supportive,2
Regular school workload,3
Got some work done early,2
Aced that exam I was worried about,1
Demonstrated research translation,1
Understanding expectations seems deliberately obscure,5
Somewhat nervous about my performance,4
Cannot process information anymore from exhaustion,5
Made meaningful progress,2
My foundation in this area is developing,4
The course material contradicts the textbook,5
Cannot always maintain my ideal pace,4
Things are going well,2
Achieved knowledge mobilization excellence,1
Processing feedback constructively is difficult,4
Too overwhelmed to think clearly,5
Received equity recognition,1
Demonstrated research productivity,1
Cannot complete group work due to conflicts,5
Preparing for the qualifying exam,3
Got stellar performance,1
Everything is progressing nicely,1
Have studying to do tonight,3
Found helpful resources for my research,2
Following complex arguments takes concentration,4
All my work is done early for once,1
Gained methodological competence,2
Had a productive afternoon,2
Developed stronger foundation,2
Feeling content this week,2
Planning my reading schedule,3
Appreciated the learning pace,2
Achieved methodological innovation,1
My capacity for synthesis is challenged,4
Normal week of classes,3
Course syllabus changed without warning,5
Gained subject matter expertise,2
Somewhat stressed about the semester,4
A bit concerned about the exam,4
Received translational research recognition,1
Feeling satisfied overall,2
Too much pressure all at once,5
Found the pedagogy student-centered,2
Earned diversity award,1
Had solid work time,2
Earned integrated knowledge award,1
Feeling pretty good about this exam,2
Have studying to catch up on,3
Preparing my questions for class,3
Earned professional society membership,1
Found the sequence logical,2
Feeling good about work,2
Reviewing the milestones,3
Feeling moderately worried,4
The exam format changed at the last second,5
Slightly stressed about the course,4
My notes from lectures are incomplete,5
Understanding expectations is hopeless,5
My grades suffered because of group members,5
Found the experience enriching,2
I'm struggling,4
The academic demands are unreasonable,5
Have studying planned,3
The concepts require repeated review,4
Cannot always dedicate enough focus time,4
My ability to synthesize information needs work,4
Course timing is deliberately punitive,5
Checking the publication requirements,3
Standard school day ahead,3
Looking at the assessment criteria,3
I'm going to bomb this exam,5
My comprehension of subtleties is limited,4
"I may drop out, this is destroying me",5
My comprehension needs more repetition,4
Had good study hours,2
Somewhat worried about keeping pace,4
Normal school activities,3
Going through the practice problems,3
Having a pleasant semester,2
I am almost done,3
Organizing my preliminary exams,3
A bit stressed about the workload,4
A bit worried about this week,4
Got through my work,2
My engagement level fluctuates noticeably,4
My understanding remains fragmented,4
Cannot grasp the fundamental concepts,5
Appreciated the academic journey,2
Found the feedback actionable,2
Things are manageable lately,2
The course content feels overwhelming,5
Can't cope with all these deadlines,5
My understanding develops more slowly,4
Having a good run,2
Found the instruction effective,2
Gained valuable insights,2
Developed presentation skills,2
Regular academic activities,3
The conceptual framework is demanding,4
Professor announced a surprise quiz for tomorrow,4
So anxious I feel nauseous,5
Demonstrated active learning excellence,1
Have assignments to finish,3
My understanding gaps keep expanding,5
Everything is due and I can't cope,5
Not super confident right now,4
Preparing my study guides,3
Received collaboration request,1
The feedback arrives too late to help,5
I fucking love this place,1
I'm so behind on all my readings I don't know where to start,5
Developed better study techniques,2
A little nervous about assignments,4
Too much stress to handle alone,5
Not super prepared for the test,4
Normal class week ahead,3
A little behind where I should be,4
Enjoyed the learning activities today,2
The pressure has become intolerable,5
Assignment instructions contradict each other,5
A bit concerned about finals,4
Having success in all my classes,1
Gained clarity through discussion,2
Earned advocacy award,1
Feeling proud of myself,1
My comprehension of terminology is developing,4
Earned academic achievement award,1
Got great feedback today,1
My academic goals are being met,1
Doing homework regularly,3
Having a great academic experience,1
My work ethic is paying off,1
Reviewing the program handbook,3
Cannot access required resources on time,5
Demonstrated inclusive teaching,1
Demonstrated faculty mentorship,1
My background knowledge has limitations,4
Organizing my bookmarks,3
Have coursework tonight,3
Feeling good overall,2
Planning my research agenda,3
The curve puts me at a disadvantage,5
Worst semester of my life,5
Normal class activities today,3
Understanding the methodology requires more study,4
Found the curriculum coherent,2
Organizing my research notes,3
Normal amount of homework today,3
Have assignments in progress,3
My capacity for academic work is gone,5
Made good strides today,2
Looking at the comprehensive requirements,3
Not totally prepared for tomorrow's quiz,4
Got ahead on all my assignments,1
Made rewarding progress,2
Cannot always dedicate ideal study time,4
My resilience reserves are completely empty,5
This semester has been a nightmare,5
Gained deep understanding,2
Somewhat stressed about the workload,4
Preparing for the fieldwork,3
Just submitted everything early,1
Course demands are inhumane,5
Understanding the big picture is elusive,4
Got wonderful results,1
Not super comfortable with the material,4
Organizing my references,3
Working on assignments tonight,3
Demonstrated intellectual prowess,1
Doing my reading for tomorrow,3
The homework reveals knowledge gaps,4
Having a good semester vibe,2
Received recognition for academic excellence,1
The course rigor exceeds my comfort zone,4
Feeling satisfied with things,2
My focus wavers during long study sessions,4
Found the content well organized,2
Understanding disciplinary conventions takes time,4
Applied the concepts successfully,2
Feeling decent this week,2
Things are working nicely,2
My entire support system has disappeared,5
Made satisfying discoveries,2
Developed capacity for synthesis,2
Achieved superior performance metrics,1
Checking the accreditation standards,3
Planning semester timeline,3
Developed new perspectives,2
Cannot always translate learning effectively,4
Working through assignments,3
Feeling satisfied recently,2
Feeling decent overall,2
Feeling content today,2
Planning my internship application,3
Gained epistemic understanding,2
A little nervous about the project,4
Reviewing the academic calendar,3
Demonstrated remarkable aptitude,1
Professor is impressed with my work,1
Have homework due,3
The class average keeps dropping,5
Got work managed,2
My capacity for critical engagement varies,4
The assessment criteria feels unclear at times,4
The technical aspects are demanding,4
Everything is going smoothly this semester,1
Appreciated the course design,2
My capacity for recovery is nonexistent,5
Typical school routine,3
Developed disciplinary expertise,2
Achieved publication milestone,1
Normal week of school,3
Semester is amazing,1
Really proud of my grades,1
Things are pretty fine,2
Four deadlines this week and I've been sick,5
Received prestigious fellowship,1
Office hours really cleared things up,2
Developed capacity for critique,2
Preparing notes for the discussion,3
Feeling a little overwhelmed,4
Feeling alright about classes,2
Really proud and satisfied,1
Making good progress on my project,2
The academic environment has become toxic,5
The epistemological complexity is substantial,4
Typical school day,3
Translating knowledge to exams is challenging,4
Really excelling in my courses,1
Received institutionalization recognition,1
Got assignments done,2
Really thriving this semester,1
I'm stressed and exhausted,5
Working on my assignments,3
Looking at the ethics requirements,3
My grades are exactly where I want them,1
Feeling moderately concerned,4
Not feeling great about my progress,4
Really happy with my achievements,1
Really pleased with my results,1
Going to study,3
Normal amount of work,3
Found the curriculum relevant,2
Have readings to do,3
Preparing for the comprehensive exam,3
Achieved healthcare improvement excellence,1
Made headway this semester,2
Feeling alright with school,2
The academic burden is unbearable,5
My mental health is suffering from this workload,5
Checking the residency requirements,3
Connected with classmates productively,2
Making steady progress,2
Planning my academic goals,3
Can't stop panicking about school,5
Understanding how to proceed is impossible,5
No idea how I'm going to pass,5
My comprehension of details is incomplete,4
A bit nervous about the workload,4
Cannot focus on anything with all these upcoming tests,5
A bit worried about keeping up,4
Organizing my applications,3
Everything is making me anxious,5
Checking graduation requirements,3
Planning my data analysis,3
So behind I'll never catch up,5
Found the resources accessible,2
Checking prerequisite courses,3
Planning time for library research,3
Earned fellowship extension,1
Achieved research breakthrough,1
Slightly anxious about my work,4
Normal class routine,3
Appreciated the learning opportunities,2
Organizing my citations,3
Made good strides,2
Planning my study approach,3
Found the discussion enriching,2
I'm stressed and running on empty,5
Feeling proud and accomplished,1
Planning my capstone project,3
Assignment is harder than I thought it would be,4
A bit stressed about my schedule,4
Appreciated the course structure,2
Procrastinated a bit too much this week,4
Demonstrated creative excellence,1
My capacity to cope is at its limit,5
Doing my work,3
The situation is catastrophic,5
This is absolutely overwhelming,5
Professor dropped a surprise assignment on us,5
Made consistent advancement,2
Achieved learning outcome success,1
Following theoretical developments is hard,4
Cannot always keep up with all readings,4
Cannot always contribute meaningfully to discussions,4
Received pedagogical recognition,1
Normal workload this week,3
I should probably start that essay soon,4
My academic path is bright,1
Got work finished up,2
Feeling awesome about academics,1
Reviewing the learning modules,3
Everything is on track,1
Normal school pace,3
So overwhelmed I can't even start studying,5
Looking over the abstract requirements,3
Checking my grades online,3
Feeling somewhat nervous,4
Keeping up with the material,3
The pressure has exceeded my breaking point,5
Made intellectual strides,2
Planning my academic pathway,3
Somewhat worried about the quiz,4
This problem set is taking way longer than expected,4
I'm completely losing it,5
Got the outcome I wanted,1
My mental state cannot handle one more assignment,5
Making nice strides,2
Having a good academic life,2
Got excellent results,1
Finals week is coming and I feel completely unprepared,5
Demonstrated exemplary work quality,1
Feeling decent lately,2
I'm drowning in assignments and stress,5
Appreciated the learning objectives,2
Everything is ideal,1
The workload keeps me moderately busy,4
A bit concerned about my study time,4
Have a presentation to prepare,3
Feeling somewhat overwhelmed this week,4
Somewhat nervous about the material,4
Appreciated the learning resources,2
Earned competitive scholarship,1
The theoretical depth is challenging,4
Really happy with where I am,1
Regular workload ahead,3
Normal class load,3
Slightly stressed about my GPA,4
So overwhelmed I want to give up,5
The study guide covers different material than lectures,5
Course structure creates impossible situations,5
Planning my semester timeline,3
I'm drowning in stress and deadlines,5
Cannot manage my time effectively anymore,5
Looking forward to this interesting assignment,2
Processing philosophical arguments is taxing,4
I'm going to have a breakdown,5
Balancing my schedule is challenging,4
My academic success is evident,1
Appreciated the learning trajectory,2
It has been hell,5
I'm drowning in coursework and can't keep up,5
The academic pressure is crushing my spirit,5
Received participatory research recognition,1
My ability to recover is impossible,5
Semester is absolutely great,1
Not feeling great about this week,4
Getting better at this subject,2
Too anxious to sleep before the test,5
Not super comfortable with this topic,4
My preparation time gets interrupted constantly,5
The stress is manifesting physically,5
Have assignments this week,3
A bit anxious about my progress,4
Have some projects ongoing,3
Appreciated the learning assessment,2
A little stressed about this class,4
Gained procedural knowledge,2
Following the course logic is sometimes hard,4
Everything is exceeding expectations,1
"Homework is going well, I am staying on top of things",2
So much anxiety about this test,5
Connecting theoretical concepts proves difficult,4
My grasp of connections is incomplete,4
Looking over the case studies,3
Haven't attended class in two weeks because I'm too overwhelmed,5
Improved my comprehension,2
Managed my time well today,2
Everything is working well,1
I want to burn this school to the grown,5
Somewhat anxious about this presentation,4
Organizing my folders,3
Reviewing what was covered in class,3
Feeling good about my routine,2
Normal school schedule this week,3
Got tasks completed,2
My resilience is completely shattered,5
The situation deteriorates continuously,5
The course requires more than I anticipated,4
Demonstrated knowledge transfer,1
Everything worked out perfectly,1
Understanding implications takes effort,4
A bit worried about deadlines,4
Have a quiz soon,3
Earned dean's recognition,1
Appreciated the learning partnership,2
So stressed about my academic future,5
Group member isn't pulling their weight,4
Feeling a little overwhelmed today,4
Have assignments to work on,3
Caught up on all my readings,2
Standard workload this semester,3
Feeling a little concerned,4
Cannot always process complex ideas quickly,4
I failed two exams this week,5
Planning my coursework approach,3
Got the best possible outcome,1
This workload is destroying me,5
Received mentorship recognition,1
Demonstrated leadership excellence,1
I'm in over my head with this course load,5
Attended all my classes today,3
Feeling accomplished in all areas,1
Feeling moderately anxious,4
Really confident about finals,1
This stress is unbearable,5
Going to work on assignments,3
The pressure has destroyed my capacity,5
Cannot find any available tutoring times,5
Earned implementation award,1
Not super happy with my progress,4
Really happy with my progress,1
Achieved disciplinary impact,1
Can't cope with this workload,5
Understanding the system feels impossible,5
Have assignments due,3
Feeling moderately worried about grades,4
I don't understand this material and the exam is in two days,5
Appreciated the intellectual growth,2
Really confident in my abilities,1
Checking the exam format,3
Feeling motivated this semester,2
Planning my conference presentations,3
I'm completely stressed out,5
Reading through the rubric,3
Found the approach transformative,2
I'm a bit behind on my readings but I'll catch up,4
Somewhat nervous about my studies,4
Reviewing notes from today's lecture,3
It is fucking shit,5
Received clinical impact recognition,1
Class went smoothly,2
Normal academic activities,3
The course prerequisite was insufficient preparation,5
Earned course development opportunity,1
Everything is going my way,1
All my hard work is showing,1
Pulled an all-nighter and still didn't finish the assignment,5
Semester couldn't be better,1
Organizing my data collection,3
Appreciated the academic standards,2
"I like it, it is hard though",3
I'm drowning in academic stress,5
I have an exam coming up and need to study more,4
Achieved normalization excellence,1
It has been brutal lately,4
Found the course structure supportive,2
Normal workload planned,3
My ability to adapt has failed,5
The study material feels scattered,4
A little nervous about my grades,4
Demonstrated stakeholder engagement,1
Understanding the path forward is impossible,5
Achieved lasting influence excellence,1
Gained theoretical foundations,2
Normal class load this semester,3
Appreciated the intellectual challenge,2
My writing skills are not meeting expectations,5
Got the best grade in class,1
Have projects to work on,3
This semester is a complete disaster,5
Reviewing the acknowledgments,3
Everything is horrible right now,5
Had a nice study break,2
My comprehension drops during long lectures,5
Feeling positive about school,2
Received blended learning recognition,1
Looking at the fellowship opportunities,3
Back to back exams starting tomorrow morning,5
Normal academic week,3
A bit worried about the material,4
Preparing study materials,3
Cannot always complete work to my satisfaction,4
My ability to endure is exhausted,5
Found the framework helpful,2
Gained transferable skills,2
Feeling great about my academic progress,1
Looking over the discussion board,3
Way too much on my plate right now,5
My understanding of basics is shaky,5
Have work to complete,3
Feeling good this week,2
My ability to self-regulate is challenged,4
My ability to function is critically impaired,5
Feeling decent about school,2
Going to class,3
I'm failing this course and don't know how to recover,5
Had solid progress,2
My GPA is dropping and I'm stressed about scholarships,5
Everything feels impossible to manage,5
Making good time,2
Organizing my academic records,3
Somewhat concerned about the material,4
Gained practical experience,2
Standard school day,3
All caught up on my work,1
Feeling okay about everything,2
Preparing for the dissertation proposal,3
Can't sleep because I'm stressing about my grades,5
My performance trends slightly below target,4
Course structure creates impossible choices,5
The pressure to succeed is paralyzing,5
Cannot submit work on time due to tech issues,5
Regular school day ahead,3
My schedule is manageable this week,2
Appreciated the intellectual discourse,2
Processing dense material is taxing,4
Things are going smoothly,2
Had a nice session,2
My accommodation requests were denied,5
Made it through the week stress-free,1
Earned instructional improvement grant,1
Achieved accessible design excellence,1
Preparing materials for the presentation,3
Cannot always follow the lecture logic,4
Feeling good about this semester,2
Slightly concerned about my performance,4
So overwhelmed with everything,5
My skills in this area need development,4
Have studying to do,3
Achieved summa cum laude standing,1
This is unbearable,5
Feeling great about everything,1
The amount of material to cover is absurd,5
Found the assignments meaningful,2
Standard class day,3
Organizing lecture recordings,3
Really happy with school,1
Developed analytical abilities,2
Everything is going according to plan,1
Really enjoying my academic success,1
Achieved student engagement success,1
Cannot maintain this level of output much longer,5
Way too much pressure right now,5
Demonstrated patient outcome enhancement,1
Have some studying planned,3
Gathering resources for my research,3
Course demands are fundamentally excessive,5
Feeling moderately worried about school,4
Made headway this week,2
Reviewing the competency list,3
Achieved distinction in my coursework,1
So anxious about everything school-related,5
Received outreach recognition,1
Feeling content with progress,2
Things are going okay,2
Looking at the concentration requirements,3
Achieved teaching excellence,1
My test scores could improve,4
Not feeling totally prepared,4
Preparing for the proposal defense,3
Cannot find anyone to study with,5
Have classes all day,3
My attempts at improvement go unrecognized,5
Developed argumentation skills,2
Cannot always see the big picture clearly,4
My resilience has been completely exhausted,5
Had a nice class,2
A little worried about my academic performance,4
Have classes to attend,3
Somewhat stressed about upcoming tests,4
Really thriving academically,1
Understanding the material feels impossible now,5
Developed capacity for analysis,2
Feeling pretty satisfied,2
Cannot always grasp concepts first time,4
I'm stressed beyond words,5
Things are looking good,2
Working on studies today,3
I'm so behind in this class I don't even know where to start,5
Not totally on top of my work,4
All my goals are being achieved,1
Developed autonomous learning,2
Planning my course selections,3
Going to the library,3
I don't want to be here anymore,4
All my classes are going well,1
Participated actively in class discussion,2
Planning research approach,3
This is absolutely terrible,5
Achieved peer recognition,1
Feeling moderately stressed,4
Organizing my tasks by priority,3
Somewhat stressed about the test,4
The assessment format is unfamiliar,4
Regular school week coming,3
Standard school week ahead,3
Preparing for the colloquium,3
Found the content relevant,2
Got some good studying done today,2
The exams test beyond my preparation level,4
Reviewing the learning objectives,3
Made intellectual discoveries,2
Received peer teaching award,1
Planning my writing schedule,3
Demonstrated exceptional understanding,1
Everything is working perfectly,1
Going to study session,3
My analytical toolkit needs expansion,4
The material complexity increases steadily,4
I'm so stressed I can't focus on studying,5
Achieved citation recognition,1
Class was okay today,3
Not super confident in my knowledge,4
Had a good day,2
Following the argumentative structure is hard,4
Got things organized nicely,2
Having a pleasant experience,2
The prerequisites did not fully prepare me,4
Made progress today,2
Reviewing the lab manual,3
I'm confused about this concept we learned,4
Appreciated the academic dialogue,2
Feeling a little anxious about exams,4
Regular class day,3
The academic environment is profoundly stressful,5
Looking at the citation style,3
Understanding implicit requirements is hard,4
Everything is stressful right now,5
Trying to understand this new concept better,4
My comprehension lags behind the pace,4
My ability to engage theoretically needs growth,4
Making nice progress lately,2
My capacity for academic effort is depleted,5
Got stuff done,2
Really proud of my achievements,1
Checking the candidacy timeline,3
My hard work shows,1
Demonstrated culturally responsive teaching,1
"Easy work, I should have taken more courses",1
Feeling good about my week,2
Course expectations are beyond reasonable,5
Planning my study schedule for the week,3
Group project is a disaster and we present tomorrow,5
Cannot always dedicate enough study time,4
Regular semester pace,3
Regular amount of homework,3
Everything feels hopeless right now,5
Feeling great about my classes,1
A little nervous about school,4
Had productive hours,2
"It has been alright, getting there",3
Earned translation award,1
Not feeling great about the exam,4
The demands test my capabilities,4
Had a successful week,2
Doing my assignments,3
The workload requires constant adjustment,4
My mind goes blank whenever I try to study,5
I think I am doing well,2
Not totally sure I understood the lecture,4
Preparing my study outline,3
Processing abstract reasoning is difficult,4
Working on assignments,3
Organizing my notes digitally,3
The situation is beyond my control,5
The workload intensity has increased,4
Demonstrated scholarly impact,1
Feeling positive about things,2
The course pace challenges my limits,4
My study habits need refinement,4
A bit stressed about my academic life,4
Understanding disciplinary debates is challenging,4
Looking over the thesis guidelines,3
Everything is piling up and I'm stressed,5
Appreciated the practical applications,2
Got exceptional marks,1
I'm drowning in coursework right now,5
Got the grade I wanted,1
The situation has become desperate,5
Earned impact award,1
Things are pretty good,2
Checking the course calendar for deadlines,3
This assignment is giving me anxiety,5
Everything is working out well,1
Having a wonderful semester,1
Cannot always dedicate uninterrupted time,4
Slightly anxious about the semester,4
I'm stressed to the breaking point,5
Everything feels impossible right now,5
Course requirements seem designed to fail students,5
The intellectual sophistication required is high,4
Demonstrated instructional effectiveness,1
Developed critical awareness,2
Semester is wonderful,1
Semester is going wonderfully,1
Achieved significant contribution,1
My grades reflect partial understanding,4
Just submitted everything on time,1
A bit nervous about the coursework,4
My ability to cope is destroyed,5
Felt my efforts were worthwhile,2
My attempts at catching up fail,5
Developed writing proficiency,2
Appreciated the scholarly tradition,2
My grasp of fundamentals could strengthen,4
Found the coursework engaging,2
The cumulative pressure is devastating,5
Feeling pretty good lately,2
Appreciated the academic freedom,2
I have a presentation tomorrow and haven't made any slides yet,5
Received teaching recognition certificate,1
So overwhelmed I can't sleep,5
Group member isn't responding to messages,4
Feeling somewhat anxious lately,4
Found the material applicable,2
Appreciated the academic integrity,2
Feeling a little under pressure,4
The workload requires discipline,4
Felt engaged during the seminar,2
Demonstrated profound insight,1
I'm going to lose my mind,5
Feeling positive lately,2
Standard school activities,3
All my assignments are done well,1
A bit worried about this course,4
Feeling satisfied this week,2
I'm going to fail out at this rate,5
The epistemological assumptions are unfamiliar,4
Checking submission requirements,3
Feeling successful academically,1
Feeling positive overall,2
This semester is destroying me academically,5
Made progress steadily,2
Everything is a mess and I'm panicking,5
Received teaching improvement award,1
Really understanding the material well,1
The coursework demands consistent effort,4
Professor thinks I'm doing great,1
Appreciated the academic challenge,2
The cognitive load feels substantial,4
Earned grant renewal,1
Had a productive study session today,1
On track with all my coursework,3
The homework takes three times longer than stated,5
Things are going well,1
Cannot always make connections quickly,4
Completely overwhelmed and lost,5
Got wonderful grades,1
Got work completed well,2
Finished my project ahead of schedule,1
Received safety innovation recognition,1
Standard class week,3
Study group session was helpful,2
Have class tomorrow,3
My mental resources are beyond exhausted,5
Have work planned,3
Taking notes in class,3
Organizing my literature review,3
Organizing my transcripts,3
Somewhat anxious about the coursework,4
Having a pleasant time,2
The pressure accumulates relentlessly,5
My study efficiency could improve significantly,4
Kinda stressed about next week's exam,4
Planning my elective courses,3
My work is appreciated,1
No extension available despite my circumstances,5
Understanding the assessment is impossible,5
My preparation feels somewhat insufficient,4
Reviewing the attendance policy,3
Class got cancelled so I have time to study,2
Doing my usual work,3
The pressure is having severe consequences,5
Preparing for the seminar,3
The analytical rigor demanded is substantial,4
My grades reflect inconsistent performance,4
Checking the degree requirements,3
Got recognition for my work,1
Not totally sure I'm prepared,4
Things are pretty decent,2
Made remarkable progress,2
The material requires more thought than before,4
Things are working out,2
Found the design purposeful,2
Planning when to work on assignments,3
Earned quality improvement award,1
Got some things finished,2
Checking the program requirements,3
Slightly worried about my workload,4
Feeling moderately stressed out,4
Demonstrated policy influence,1
Following theoretical trajectories is complex,4
The assignments require significant effort,4
Achieved top percentile performance,1
The pressure shows no sign of abating,5
Found the instruction accessible,2
Not feeling totally confident,4
Regular course schedule,3
Feeling prepared enough,2
My entire semester hinges on this one final,5
A bit anxious about staying on track,4
Found the methodology sound,2
The reading list for this course is completely unrealistic,5
Working through classes,3
Found the methodology rigorous,2
Going through the course modules,3
I'm freaking out about finals,5
Made significant headway,2
Reviewing the course objectives,3
The cumulative burden is catastrophic,5
A little anxious about the upcoming deadline,4
Feeling a little stressed,4
Can't handle the academic pressure,5
My grasp of theoretical nuances is limited,4
Have work to complete tonight,3
A bit unsure about my answers,4
Preparing for the group meeting,3
Achieved assessment excellence,1
A bit nervous about the material,4
Reviewing the readings list,3
Earned extension award,1
Having a great semester,1
Developed time management skills,2
Demonstrated innovative thinking,1
"Everything sucks, it really sucks",4
Demonstrated thought leadership,1
Somewhat overwhelmed by the reading,4
I'm having the worst time,5
Preparing questions for office hours,3
Feeling okay about school,2
Regular academic schedule,3
Standard semester so far,3
My effort does not reflect in my grades,5
My concentration span has shrunk to minutes,5
My knowledge base has some weak spots,4
Developed scholarly habits,2
The workload peaks are challenging,4
So much stress I'm breaking down,5
The course platform keeps malfunctioning,5
Have lab work to complete,3
Working on school stuff,3
Too much anxiety to focus on studying,5
Making decent headway,2
Things are going nicely,2
Have a test next week,3
A bit overwhelmed with the workload,4
Reviewing the dissertation format,3
Really proud of what I've accomplished,1
A little stressed out this week,4
Group members aren't responding and it's due tonight,5
Five assignments due this week and it's only Monday,5
Feeling moderately under pressure,4
Regular course load,3
Can't deal with one more thing,5
Achieved educational impact,1
Planning my research methodology,3
Cannot understand the professor's accent,5
Course pace accelerated beyond my comprehension,5
My progress is amazing,1
Appreciated the scholarly exchange,2
Got my work flowing,2
The expectations far exceed the credit hours,5
Demonstrated assessment innovation,1
Reviewing the course content,3
Demonstrated evidence-based practice,1
Received peer accolade,1
Group abandoned me right before the presentation,5
My analytical depth needs development,4
Can't believe how much work they assigned,5
Preparing for the candidacy exam,3
Cannot meet with professor during posted hours,5
Really proud of my grade in this class,1
The assignment instructions could be clearer,4
Checking the committee requirements,3
Too much to do too little time,5
Planning my week around classes,3
Looking over the assignment guidelines,3
Everything is overwhelming me,5
Not feeling very prepared for this,4
Had good study time,2
The learning curve feels steep,4
This is the most stressed I've ever been,5
A little anxious about assignments,4
My study plan is working,1
"It has been challenging lately, but nothing I can't handle",3
Made good progress on my project,2
Found the approach well-structured,2
Planning my approach to the homework,3
Received teaching effectiveness award,1
Doing better than expected,1
Appreciated the learning environment,2
Really proud of my academic achievements,1
Earned research assistantship,1
Somewhat anxious about my grades,4
I hate everything about this week,5
Another day another lecture,3
My previous knowledge does not transfer,5
Regular academic routine,3
Cannot make sense of the textbook,5
Demonstrated course effectiveness,1
Planning research strategies,3
This stress is unbearable and constant,5
Looking over the IRB requirements,3
A bit concerned about my studies,4
Got the recognition I deserved,1
The conceptual terrain is unfamiliar,4
Going to class as normal,3
Keeping pace with lectures is tough,4
My performance declines with each passing week,5
Cannot always complete readings before class,4
My understanding continues to develop,4
The workload triples during finals week,5
Appreciated the learning culture,2
Cannot meet the attendance policy requirements,5
Working on homework,3
Semester is exceeding expectations,1
My understanding sometimes feels shallow,4
Cannot always get my questions answered,4
My mental capacity is completely exhausted,5
The material density is considerable,4
My performance varies assignment to assignment,4
Cannot keep up with the reading pace,5
Love this course and doing well,1
Feeling okay with everything now,2
Appreciated the academic culture,2
Group project is a disaster and it's due Friday,5
Following course threads is demanding,4
My retention of information varies,4
Reviewing prerequisites for next semester,3
Made steady improvement,2
Feeling somewhat under pressure,4
Course demands conflict with all other obligations,5
A bit worried about my understanding,4
The course is nothing like the description,5
The intellectual demands are significant,4
Achieved maintenance excellence,1
Feeling a little worried,4
My performance plateaued below passing,5
Gained confidence in abilities,2
Cannot balance all my responsibilities,5
Having a solid time,2
Semester is going perfectly,1
Course expectations ignore student capacity,5
Had a good study day,2
Got a decent grade on my quiz,2
Got positive feedback on my paper,1
Applying concepts to practice proves tricky,4
Following the progression is taxing,4
Appreciated the professor's teaching style,2
Checking on group project progress,3
Got positive feedback from my professor,1
Organizing my study materials,3
Things are looking fine,2
My notes need better organization,4
Semester is incredibly positive,1
Achieved online teaching excellence,1
Organizing my digital files,3
Standard week of classes,3
How do they expect us to do all this shit?,4
The pace of new material is relentless,5
The curve in this class works against me,5
Standard academic routine,3
Had a productive study session,2
Developed problem-solving skills,2
Received public policy recognition,1
Having a pleasant semester,2
My hard work paid off,1
I thought there's a top 5 and they filmed each elimination? What makes you say [NAME] isn't there (though I'd love [NAME] to be),3
Standard coursework,3
I'm so stressed I'm shaking,5
Everything is going wrong,5
Doing my studies,3
The assignment load is unmanageable,5
Cruising through this semester,1
Received multimedia instruction recognition,1
Normal academic day,3
This assignment is impossible,5
My background preparation feels inadequate,4
Regular workload,3
A little concerned about my work,4
Got outstanding feedback,1
My hard work is paying off,1
Found the content interesting,2
Feeling satisfied today,2
A bit worried about understanding,4
Have work to do tonight,3
Cannot see a path to improvement,5
Received community partnership recognition,1
Have some assignments to work on,3
The intellectual independence required is high,4
A bit stressed about time management,4
Cannot interpret the professor's feedback,5
Course expectations far exceed the time available,5
Standard week ahead,3
A little worried about the deadline,4
Organizing my notes by topic,3
The expectations feel slightly elevated,4
I'm at my breaking point,5
Checking the copyright guidelines,3
Going to class today,3
I'm completely maxed out,5
Things are working well,2
Feeling confident about finals,1
Not totally ready for the exam,4
Not feeling great about this topic,4
Really thriving in school,1
Not super ready for finals,4
Sleep schedule completely destroyed by coursework,5
Appreciated the course flexibility,2
Received mobilization grant,1
Organizing my bibliography,3
Course demands leave no room for recovery,5
Benefited from the study materials provided,2
Things are pretty smooth,2
My ability to cope has completely failed,5
Course structure guarantees failure,5
Got ahead on some work,2
Not super ready for this,4
Developed evaluation skills,2
Got things under control,2
Things are looking up,2
So much pressure from every direction,5
Demonstrated proficiency across disciplines,1
Appreciated the scholarly community,2
Earned persistence award,1
Feeling okay with things,2
The pressure has broken my resilience,5
Earned adoption award,1
Found the approach evidence-based,2
Feeling a little behind in this class,4
Achieved societal impact excellence,1
Regular workload this week,3
Typical academic schedule,3
I'm having serious anxiety about school,5
I hate this so much right now,5
Preparing for the committee meeting,3
Earned instructional grant,1
Feeling excellent about academics,1
Organizing my publications,3
Gained momentum in understanding,2
Following rapid-fire lectures is tough,4
Earned routinization award,1
I can't handle this stress anymore,5
Found the challenge appropriate,2
My efforts are showing results,1
Made the Dean's list,1
Making good headway,2
Finished strong this week,1
Slightly stressed about my classes,4
Have homework tonight,3
Received excellent feedback on my paper,1
Having academic bliss,1
Feeling somewhat anxious,4
Feeling capable and ready,2
Having a good time learning,2
Feeling somewhat stressed lately,4
Understanding how others manage is mystifying,5
The exam covers material we barely discussed,5
Everything is becoming too much,5
The intellectual stretch is considerable,4
Somewhat concerned about the deadline,4
Earned flipped classroom award,1
Understanding the material well,2
My schedule allows zero flexibility,5
The lectures move faster than I prefer,4
So much pressure I can barely breathe,5
Understanding success seems impossible,5
Working on assignments as usual,3
The conceptual sophistication is demanding,4
Somewhat stressed about keeping up,4
Developed reflective practice,2
Got assignments handled,2
Looking over the degree plan,3
Organized my notes effectively,2
Haven't slept properly in a week because of exams,5
Course expectations are fundamentally unrealistic,5
Understanding ontological positions is difficult,4
Feeling prepared for next week,1
Found the approach balanced,2
Doing coursework tonight,3
Typical class day,3
Standard school routine,3
Received instructional design recognition,1
The expectations are just beyond comfortable,4
I'm barely holding it together,5
Cannot afford to fail but cannot see success,5
Achieved practice impact excellence,1
My test anxiety is affecting performance,5
The course demands consistent attention,4
A bit worried about my grade,4
My mental state continues deteriorating,5
Normal class activities,3
My hard work is paying off,1
So overwhelmed I'm paralyzed,5
This workload is breaking me down,5
Somewhat nervous about the deadline,4
Doing coursework as usual,3
A little stressed about tests,4
Made conceptual advances,2
Found the approach comprehensive,2
Normal school day,3
Everything is perfect right now,1
Reviewing the course catalog,3
Can't handle this much longer,5
My ability to retain information has vanished,5
Feeling moderately stressed about school,4
Usual school routine,3
Just finished my last assignment for the week,1
Understanding the purpose feels impossible,5
The material stretches my abilities,4
Having academic success,1
This is way more than I bargained for,5
A little stressed about assignments,4
Regular class schedule this week,3
Course demands show no consideration,5
Found the expectations clear,2
Achieved benchmark performance standards,1
Can't breathe from all this pressure,5
Crying in the library over calculus,5
Earned highest grade point average,1
Balancing multiple deadlines proves challenging,4
Achieved instructional leadership,1
Preparing for the study session,3
Received integration recognition,1
"It is a bit rough, homework is piling up and I am a bit stressed",4
Got positive outcomes,1
I'm completely burnt out and stressed,5
Feeling okay with progress,2
Doing my homework tonight,3
Everything turned out well,1
The workload has destroyed my balance,5
Not feeling super confident about the test,4
This class is killing me,5
My understanding of this topic has gaps,4
Really happy with how things are going,1
Received outstanding evaluation,1
Can't stop stressing about my future,5
Can't manage this level of pressure,5
My ability to persevere is exhausted,5
My capacity for academic work vanished,5
I'm losing it over finals week,5
Doing schoolwork tonight,3
Regular academic work,3
Have some work ahead,3
My ability to see solutions has vanished,5
Study group was really helpful,2
Going to the library to study,3
The cumulative stress is affecting my wellbeing,5
Typical week of school,3
Demonstrated embedding success,1
Achieved regulatory impact excellence,1
Made notable progress,2
Preparing for the workshop,3
My confidence in this subject is gone,5
Feeling awesome about school,1
Developed collaboration skills,2
Found the examples illuminating,2
Cannot always understand examples immediately,4
Everything is falling apart academically,5
Made nice progress today,2
Feeling okay lately,2
Finished early and feeling good,1
Typical semester workload,3
Earned conference presentation slot,1
The examples provided do not match assignments,5
Somewhat stressed about assignments,4
My ability to cope is nonexistent,5
Feeling accomplished with my studies,1
Kinda worried about my grade in this class,4
Reviewing the course policies,3
Not super prepared for everything,4
My scholarship depends on maintaining grades I cannot achieve,5
Really enjoying learning this material,1
Demonstrated learning innovation,1
Having a good flow,2
Going to class as usual,3
Checking course updates,3
Having academic fulfillment,1
Demonstrated continuation success,1
Cannot always complete everything thoroughly,4
The situation has become untenable,5
Developed interpretation skills,2
Standard amount of work,3
Earned technology integration award,1
The expectations seem to shift frequently,4
Feeling alright overall,2
My efforts are recognized,1
Received scale-up recognition,1
Got excellent outcomes,1
Have a test coming up,3
Built confidence in the subject,2
I'm going to have a meltdown,5
Following methodological debates is complex,4
Got ahead on stuff,2
Received conference award,1
My preparation could use improvement,4
Felt intellectually stimulated,2
Taking notes in class,3
Developed improved study rhythm,2
Received collaborative invitation,1
Studying for an upcoming exam,3
Cannot get answers to my questions,5
My ability to navigate theory is developing,4
Got great marks on everything,1
Working on problem sets,3
Following the textbook requires extra effort,4
Gained disciplinary literacy,2
A bit stressed about everything,4
A bit anxious about keeping up,4
Course requirements keep expanding every week,5
Felt prepared entering the classroom,2
Reviewing the assignment instructions,3
I want to drop out,5
I'm overwhelmed and falling apart,5
Regular school schedule,3
Made steady strides,2
Typical academic routine,3
Demonstrated public engagement,1
Feeling excellent about everything,1
Not feeling super confident about the upcoming test,4
Achieved outreach excellence,1
My ability to function academically has declined,5
Typical academic week,3
My performance shows room for growth,4
The workload has destroyed my equilibrium,5
Got tasks done well,2
Looking at the grading breakdown,3
Looking over the specialization options,3
Got an A on my exam!,1
This is the worst week of the semester,5
Found the content challenging yet manageable,2
A bit anxious about the class,4
Too much work not enough time I'm going to fail,5
Interpreting data correctly requires practice,4
Had a nice week,2
My performance on quizzes fluctuates,4
A little stressed about balancing everything,4
This problem set is harder than expected,4
Normal academic pace,3
So overwhelmed I'm numb,5
Appreciated the learning progression,2
The grading rubric makes no sense to me,5
Reviewing the doctoral requirements,3
Feeling somewhat under the weather with stress,4
Feeling somewhat stressed out,4
Made headway on my work,2
Planning my academic trajectory,3
Found the curriculum well designed,2
Appreciated the feedback mechanisms,2
Setting up my study space for tonight,3
My capacity for work is utterly depleted,5
Not super excited about this deadline,4
Feeling accomplished and happy,1
Pulled two all-nighters in a row for this project,5
Achieved milestone with commendation,1
My background in this subject is weak,5
My GPA is tanking and I might lose my scholarship,5
Professor doesn't care that we're overwhelmed,5
Can't handle one more assignment,5
Got top scores,1
A little stressed about studying,4
Received knowledge exchange recognition,1
Made headway recently,2
The workload has obliterated my wellbeing,5
Regular class attendance,3
My study sessions could be more productive,4
Way too anxious to focus,5
Things are going fine,2
I am not sure what to do,3
Understanding nuanced arguments takes effort,4
Received exceptional feedback,1
Regular study schedule,3
Earned community research award,1
Slightly behind on my readings,4
Not super confident about the exam,4
Really enjoying every moment,1
A bit concerned about understanding,4
Found the content stimulating,2
Found the journey rewarding,2
This semester is ruining me,5
This is too much for anyone,5
Grasping core principles takes persistence,4
Developed interpretive skills,2
Achieved student evaluation excellence,1
Got an A on my midterm,1
Had good progress,2
All my classes are successful,1
Too much going on I'm losing it,5
The expectations for independence are high,4
Struggling to connect different course concepts,4
Have assignments ongoing,3
Received durability recognition,1
Feeling content with my work,2
This is way more than I can handle,5
My ability to engage critically needs work,4
Cannot always attend office hours,4
Received professional development award,1
Normal amount of work this week,3
Earned teaching award nomination,1
Organizing my chapters,3
Planning when to start the essay,3
Earned teaching excellence recognition,1
My mental state is critically affected,5
Understanding paradigmatic differences is hard,4
My ability to recover seems impossible,5
The participation grade feels arbitrary,5
A little stressed about the semester,4
Feeling content lately,2
My academic functioning is severely impaired,5
Course expectations are beyond human capacity,5
My problem-solving approach needs refinement,4
Kind of worried about the final,4
Too much stress to function normally,5
Zero time to breathe between all these deadlines,5
Three assignments due tomorrow and I haven't started any of them,5
Finished my homework early today,2
Having a nice week,2
Looking over assignment feedback,3
Everything is going smoothly,1
Submitted my assignment,3
Found the assessments fair,2
I have a paper due in 3 hours and I'm not even halfway done,5
Everything is wrong and I'm stressed,5
Understanding paradigm shifts is complex,4
Got stuff handled,2
Planning my revision strategy,3
Slightly anxious about my progress,4
Really enjoying academic life,1
Checking the course offerings,3
Cannot always remember everything covered,4
This is the worst I've felt all year,5
Feeling pressured by all these due dates,4
Demonstrated superior comprehension,1
Cannot complete assignments without expensive software,5
My performance is strong,1
Demonstrated system transformation,1
My understanding of foundations is developing,4
Feeling a little under stress,4
Everything hurts from stress,5
I'm completely underwater with work,5
Made intellectual connections,2
Attending scheduled office hours,3
Achieved learning community success,1
Appreciated the constructive feedback,2
Found the framework coherent,2
Reviewing the course sequence,3
My body physically hurts from sitting and studying,5
Received community engagement recognition,1
Cannot juggle work and school simultaneously,5
My ability to manage has disappeared entirely,5
Feeling good with school,2
My capacity for abstraction is limited,4
Feeling content overall,2
Appreciated the learning environment,2
My ability to continue is questionable,5
Appreciated the intellectual community,2
My preparation for discussions is rushed,4
Have some homework to do tonight,3
Everything is piling up at once,5
Assignment is confusing me a bit,4
Looking over the course materials,3
Class as expected,3
Everything is terrible and overwhelming,5
The workload distribution feels uneven,4
Had a productive morning,2
Appreciated the teaching methods,2
The material requires deeper thinking,4
Benefited from collaborative learning today,2
The pressure to perform is becoming unbearable,5
A bit anxious about the deadline,4
Achieved funding success,1
Achieved service learning excellence,1
All my efforts paid off,1
Achieved academic distinction,1
Regular study session planned,3
Cannot remember the last time I felt calm,5
The material density is challenging,4
Not totally on track,4
Not feeling very organized,4
I am struggling,4
Understanding the rationale is elusive,5
Looking at assessment schedule,3
Preparing for the tutorial,3
The lectures sometimes move quickly,4
Can't stop worrying about failing,5
Course requirements are fundamentally impossible,5
Earned engagement award,1
My work is paying dividends,1
Demonstrated theoretical advancement,1
My study approach needs adjustment,4
Checking the submission portal,3
Developed integrative thinking,2
Feeling satisfied with today,2
Things are manageable,2
Really thriving and happy,1
My academic success is clear,1
Appreciated the academic experience,2
Going to study at the library,3
Can barely keep my eyes open but have to study,5
Developed independent thinking,2
The assignments challenge my current skills,4
Slightly worried about my study habits,4
Can't stop feeling overwhelmed,5
Lab report due and I have zero data collected,5
Doing schoolwork as needed,3
So much stress I feel sick,5
I'm fucking struggling,4
Gained comprehensive knowledge,2
Working on homework tonight,3
Demonstrated educational innovation,1
My performance exceeded expectations,1
Studied for 12 hours and still don't feel prepared,5
Aced the presentation I was worried about,1
Standard academic schedule,3
Earned merit-based advancement,1
Finally understand this topic after studying,1
Checking available resources,3
Really satisfied with my performance,1
My capacity for deep work is limited,4
Really happy with my semester,1
Looking at the exam schedule,3
Required materials cost more than I budgeted,5
Made good time today,2
Appreciated the peer feedback,2
I hate this,4
Not totally ready for the test,4
Checking requirements for the project,3
The material builds on concepts I never learned,5
Got compliments from my professor,1
My grasp of these formulas remains incomplete,4
Stressed to the point of tears,5
Working on my project,3
Appreciated the scholarly environment,2
Having a good academic week,2
"Bit nervous, but it should be fine",2
Earned public scholarship award,1
Things are going pretty well,2
Earned faculty development award,1
Making nice progress,2
A little lost in this chapter,4
Everything feels like too much,5
Working on coursework,3
Working on my work,3
Having the best academic experience,1
Not totally comfortable with the pace,4
Got assignments managed,2
My preparation time is frequently insufficient,4
Everything is under control academically,1
The pace leaves little margin for error,4
Having academic satisfaction,1
Received competitive research position,1
Everything is causing me stress,5
My ability to think critically is stretched,4
Feeling accomplished and proud,1
Feeling decent today,2
The academic burden is destroying my health,5
The stress affects every aspect of life,5
Cannot always identify key points easily,4
Had good momentum,2
Made progress recently,2
Appreciated the learning outcomes,2
So overwhelmed it's affecting my health,5
Slightly concerned about my grade,4
Feeling accomplished beyond measure,1
The material complexity increases exponentially,5
Have readings due,3
Working on studies,3
Things are manageable now,2
Demonstrated outstanding capability,1
Having a nice experience,2
Really enjoying my success,1
Too stressed to do anything productive,5
Cannot find reliable study partners,5
The workload requires careful planning,4
Engaged with the material thoughtfully,2
So anxious I can't concentrate,5
My performance is acceptable but improvable,4
Did well on that quiz,2
Everything is under control,1
Can't handle school anymore,5
Making decent progress,2
Professor expects perfection and I cannot deliver,5
I don't understand any of the material and the final is Monday,5
Got work progressing,2
Can't stop worrying about my grades,5
Developed synthesis abilities,2
Really satisfied with my semester,1
Checking syllabus updates,3
Not super confident about this,4
My ability to recover time is nonexistent,5
Made good progress today,2
The cumulative effect is overwhelming,5
Got complimented on my presentation,1
Feeling good about my progress this semester,1
Earned invited lecture,1
Organizing my academic materials,3
Had a nice productive day,2
Planning library time this week,3
Got top marks on my exam,1
Feeling moderately stressed about school,4
Typical workload,3
My application of concepts needs practice,4
Developed comprehension strategies,2
Received teaching fellowship,1
The situation feels increasingly hopeless,5
My group project is going really well,1
Made substantial progress,2
I do not know,3
The pressure to excel is crushing,5
Developed inquiry skills,2
Having academic joy,1
Had a productive week,2
Too anxious to sleep or study,5
Cannot always translate theory to practice,4
Feeling okay with everything,2
Not feeling very ready,4
Developed a better understanding today,2
Demonstrated capacity for advanced work,1
Today's lecture was pretty confusing,4
Earned teaching portfolio recognition,1
Class was interesting today,2
Feeling moderately worried,4
Found the instruction clear,2
Feeling somewhat under pressure,4
My mastery of content is developing,4
So stressed I'm getting physically ill,5
A little nervous about the lab practical,4
Received keynote invitation,1
Cannot always stay current with assignments,4
The pace of new material is demanding,4
Typical school week ahead,3
The assignment scope exceeds my capacity,4
Cannot always stay ahead of deadlines,4
Everything is falling into place,1
The situation seems increasingly dire,5
Organizing my weekly schedule,3
Looking at the course website,3
Having a solid experience,2
Built on previous knowledge effectively,2
Cannot grasp some of the examples given,4
Having some trouble with this concept,4
The material presents consistent challenges,4
Typical class schedule,3
The disciplinary discourse is unfamiliar,4
Preparing my workspace,3
Attending lectures,3
Got great scores across the board,1
Having a solid semester,2
Making steady progress on assignments,2
Feeling great about my performance,1
"Professor extended the deadline, such a relief",1
Can't escape this overwhelming feeling,5
My work is being appreciated,1
Typical school week,3
Completed my readings ahead of time,2
Feeling content with life,2
Feeling great about my future,1
My mental resources are completely depleted,5
Got perfect attendance,1
Updating my class schedule,3
Achieved classroom excellence,1
Project deadline moved up by a week unexpectedly,5
The reading assignments are piling up,4
Demonstrated public scholarship,1
Another lecture today,3
Earned recognition through consistent excellence,1
Got positive recognition,1
My academic life is great right now,1
Feeling pretty prepared now,2
Regular class schedule,3
Doing my homework,3
Made some headway,2
Have classes scheduled,3
Slightly stressed about deadlines,4
Made nice headway,2
Appreciated the diverse perspectives,2
Normal week planned,3
Feeling motivated today,2
This is way too intense,5
My academic life is fulfilling,1
A bit overwhelmed by the schedule,4
Too much work and not enough time,5
Having a productive semester,1
Semester is fantastic,1
Class was fine today,3
Feeling pretty good overall,2
Earned curriculum development grant,1
Feeling prepared today,2
Feeling a little under pressure,4
Had a solid study session,2
Had a solid week,2
My academic journey is great,1
Looking at the practicum requirements,3
Received pedagogical fellowship,1
Regular study routine,3
Working on my studies,3
Achieved dissemination excellence,1
A little nervous about my performance,4
Feeling a little anxious today,4
Got exceptional feedback,1
Reviewing posted learning materials,3
Earned committee appointment,1
Received curriculum award,1
A bit worried about my classes,4
Doing my usual coursework,3
Have an assignment due soon,3
A bit nervous about the midterm,4
I am falling behind,4
Not super prepared for class,4
Normal school week ahead,3
A bit anxious about school work,4
Have readings tonight,3
Got excellent grades,1
Feeling a little anxious,4
Got my work organized,2
I am so far behind right now,4
Feeling motivated to finish this work,2
Everything is going right,1
Having a nice semester overall,2
Following the theoretical framework is complex,4
Achieved learning assessment excellence,1
Professor moved the exam up and I'm not ready,5
Got stuff moving,2
Developed scholarly identity,2
Achieved universal design excellence,1
Achieved flawless execution,1
Having a solid week,2
I'm drowning and nobody cares,5
Slightly overwhelmed with homework,4
Feeling wonderful about school,1
Not sure I fully understood today's lecture,4
This workload is absolutely crushing,5
Developed evaluative judgment,2
I'm completely burnt out,5
Developed advanced reasoning,2
I'm stressed beyond my limit,5
Got recognition from faculty,1
The complexity of this assignment exceeds expectations,4
Two assignments due tomorrow and I'm only halfway through one,5
Normal pace this semester,3
Developed reasoning abilities,2
Everything is perfect,1
Got my work sorted,2
Cannot find time for office hours,5
Everything is due at once and I'm panicking,5
Earned commendation from faculty,1
A bit nervous about grades,4
Demonstrated sustained impact,1
My wellbeing has deteriorated significantly,5
Really enjoying my classes,1
Feeling successful and content,1
Normal course activities,3
Understanding the grading logic is impossible,5
Have work in the pipeline,3
Got my stuff done,2
My brain is fried from studying,5
Cannot always process everything deeply,4
Grasped the main points quickly,2
My confidence in the subject wavers,4
Course demands exceed reasonable limits,5
Gained clarity on previous confusion,2
The grading seems somewhat unpredictable,4
Feeling alright this week,2
Feeling a little uncertain,4
Completely lost in this class and the final is approaching,5
Feeling good about my progress,2
Demonstrated educational leadership,1
Professor said my essay was excellent,1
Received award nomination,1
Everything exceeded my hopes,1
Received acknowledgment for innovation,1
Typical school schedule,3
Achieved care delivery excellence,1
Attending all my classes,3
Earned social justice award,1
Cannot process feedback constructively,5
Following sophisticated arguments is taxing,4
My performance is outstanding,1
My GPA is looking great,1
Applied techniques from class successfully,2
Made substantive progress,2
I'm going to fail everything,5
Too overwhelmed to function,5
My wellbeing continues to decline,5
My ability to keep pace is tested,4
Got work organized well,2
Cannot always engage at my best level,4
Cannot always review everything thoroughly,4
Absolutely dreading this exam tomorrow,5
The requirements changed after the drop deadline,5
Four exams in three days next week,5
Reading the assigned articles,3
Have homework assignments,3
Got helpful feedback,2
Preparing for the revisions,3
Preparing for the practicum,3
Gained practical skills,2
Got better grades than expected,1
Contributed meaningfully to the group work,2
Received publication acceptance,1
Typical workload this week,3
This stress is consuming me,5
Can't stop crying over this workload,5
Doing homework as usual,3
Earned course redesign grant,1
I'm stressed about absolutely everything,5
Feeling somewhat stressed,4
Developed disciplinary thinking,2
Feeling okay with my pace,2
Feeling okay about it all,2
The grading seems inconsistent week to week,5
Made progress on assignments,2
Trying to balance five courses is impossible,5
I'm barely surviving this semester,5
No sleep no food just stress,5
Developed self-directed learning,2
Checking the binding requirements,3
The exams test at my limit,4
The course demands exceed my estimate,4
Reviewing the feedback on my last submission,3
Making steady headway,2
My ability to prioritize is tested,4
My anxiety is out of control,5
My ability to function has collapsed,5
Checking the program timeline,3
Everything is magnificent,1
Earned practice change award,1
Got the best results,1
Checking the class roster,3
Semester is going beautifully,1
Mental breakdown over this statistics assignment,5
Slightly anxious about school,4
Really satisfied with my journey,1
Have work in progress,3
Found the pedagogy effective,2
Terrible,3
My ability to transfer learning is developing,4
Feeling good about things,2
Looking at course registration options,3
Understanding how to survive is unclear,5
Professor just assigned a 20 page paper due in 3 days,5
My skills are improving but not there yet,4
Cannot always engage fully with content,4
Finished all my assignments on time,1
Achieved spread excellence,1
Felt comfortable asking questions,2
Demonstrated collaborative impact,1
Regular amount of coursework,3
Got work completed,2
Feeling prepared for the test,2
Can't take another stressful day,5
Received accolades for my research,1
Have some things to finish,3
Professor just assigned 100 pages of reading due tomorrow,5
My entire grade depends on this one exam,5
Studying for an upcoming quiz,3
Feeling motivated lately,2
Professor praised my work today,1
Feeling content this semester,2
So much pressure I want to quit,5
The course requires steady commitment,4
Course expectations were not communicated clearly,5
The evaluation methods feel complex,4
Normal academic schedule,3
A bit stressed about school stuff,4
Feeling a little stressed out,4
Reading for tomorrow's class,3
Checking the assignment due dates,3
Received mentorship opportunity,1
A bit concerned about time,4
Demonstrated curricular innovation,1
Standard class activities,3
A bit anxious about the test,4
Had productive time,2
Demonstrated mastery of course material,1
My knowledge needs more practice,4
Made good use of my time,2
Looking over grading criteria,3
Had class this morning,3
I'm having a panic attack over school,5
Gained conceptual understanding,2
Earned perpetual impact award,1
Every single deadline falls on the same day,5
Found the approach innovative,2
I'm at maximum stress capacity,5
Earned placement in honors program,1
A bit concerned about my performance,4
Doing coursework,3
The analytical skills needed are challenging,4
My academic performance is excellent,1
The concepts are more abstract than expected,4
Regular school routine,3
Preparing for the defense,3
Not feeling very prepared,4
Gained disciplinary knowledge,2
Finished everything on my to-do list,1
I'm terrified about my grades,5
So anxious about everything,5
A little anxious about the workload,4
My ability to concentrate has disappeared,5
